{"cameraMode":{"drawMode":0,"name":"Shaded","section":"Shading Mode"},"sceneLighting":true,"audioPlay":false,"sceneViewState":{"showFog":true,"showMaterialUpdate":true,"showSkybox":true,"showFlares":true,"showImageEffects":true,"showParticleSystems":true},"in2DMode":false,"pivot":{"x":-16.191743850708009,"y":102.65628051757813,"z":45.1944580078125},"rotation":{"x":0.09863486886024475,"y":0.8801237344741821,"z":-0.41561847925186159,"w":0.20754417777061463},"size":22.0,"orthographic":false}