{"cameraMode":{"drawMode":0,"name":"Shaded","section":"Shading Mode"},"sceneLighting":true,"audioPlay":false,"sceneViewState":{"showFog":true,"showMaterialUpdate":true,"showSkybox":true,"showFlares":true,"showImageEffects":true,"showParticleSystems":true},"in2DMode":false,"pivot":{"x":2.670663595199585,"y":1.3895924091339112,"z":-4.516634941101074},"rotation":{"x":0.08659327775239945,"y":-0.2668209969997406,"z":0.024082882329821588,"w":0.9595634341239929},"size":2.8733572959899904,"orthographic":false}