{"cameraMode":{"drawMode":0,"name":"Shaded","section":"Shading Mode"},"sceneLighting":true,"audioPlay":false,"sceneViewState":{"showFog":true,"showMaterialUpdate":true,"showSkybox":true,"showFlares":true,"showImageEffects":true,"showParticleSystems":true},"in2DMode":false,"pivot":{"x":-38.13835525512695,"y":11.728899955749512,"z":-46.051429748535159},"rotation":{"x":0.07786457985639572,"y":0.1337863653898239,"z":-0.005873548798263073,"w":0.9884394407272339},"size":2.8188419342041017,"orthographic":false}