{"cameraMode":{"drawMode":0,"name":"Shaded","section":"Shading Mode"},"sceneLighting":true,"audioPlay":false,"sceneViewState":{"showFog":true,"showMaterialUpdate":true,"showSkybox":true,"showFlares":true,"showImageEffects":true,"showParticleSystems":true},"in2DMode":false,"pivot":{"x":-44.685855865478519,"y":14.09615421295166,"z":-46.57257843017578},"rotation":{"x":-0.013982005417346955,"y":-0.08895247429609299,"z":0.001531023415736854,"w":0.9964479804039002},"size":0.4001120924949646,"orthographic":false}