{"cameraMode":{"drawMode":0,"name":"Shaded","section":"Shading Mode"},"sceneLighting":false,"audioPlay":false,"sceneViewState":{"showFog":true,"showMaterialUpdate":true,"showSkybox":false,"showFlares":true,"showImageEffects":true,"showParticleSystems":true},"in2DMode":false,"pivot":{"x":-1.7698662281036378,"y":1.959341049194336,"z":-5.244394779205322},"rotation":{"x":-0.07827281951904297,"y":-0.7156206965446472,"z":0.08050219714641571,"w":-0.6896836757659912},"size":7.412614345550537,"orthographic":false}