{"cameraMode":{"drawMode":0,"name":"Shaded","section":"Shading Mode"},"sceneLighting":false,"audioPlay":false,"sceneViewState":{"showFog":true,"showMaterialUpdate":true,"showSkybox":false,"showFlares":true,"showImageEffects":true,"showParticleSystems":true},"in2DMode":false,"pivot":{"x":-0.450108140707016,"y":0.012800956144928933,"z":0.02814215049147606},"rotation":{"x":-0.06483957171440125,"y":-0.9246572256088257,"z":0.18105699121952058,"w":-0.3290677070617676},"size":0.5706958770751953,"orthographic":false}