{"cameraMode":{"drawMode":0,"name":"Shaded","section":"Shading Mode"},"sceneLighting":false,"audioPlay":false,"sceneViewState":{"showFog":true,"showMaterialUpdate":true,"showSkybox":false,"showFlares":true,"showImageEffects":true,"showParticleSystems":true},"in2DMode":false,"pivot":{"x":-0.37402769923210146,"y":0.25533610582351687,"z":2.269266366958618},"rotation":{"x":-0.22078795731067658,"y":-0.4287894666194916,"z":0.10633544623851776,"w":-0.8698862195014954},"size":1.8726500272750855,"orthographic":false}