{"cameraMode":{"drawMode":0,"name":"Shaded","section":"Shading Mode"},"sceneLighting":false,"audioPlay":false,"sceneViewState":{"showFog":true,"showMaterialUpdate":true,"showSkybox":false,"showFlares":true,"showImageEffects":true,"showParticleSystems":true},"in2DMode":false,"pivot":{"x":-5.960464477539063e-8,"y":0.758671760559082,"z":-3.5762786865234377e-7},"rotation":{"x":0.18467700481414796,"y":0.48868900537490847,"z":-0.1059049740433693,"w":0.8462622761726379},"size":5.2244367599487309,"orthographic":false}