{"cameraMode":{"drawMode":0,"name":"Shaded","section":"Shading Mode"},"sceneLighting":true,"audioPlay":false,"sceneViewState":{"showFog":true,"showMaterialUpdate":true,"showSkybox":true,"showFlares":true,"showImageEffects":true,"showParticleSystems":true},"in2DMode":false,"pivot":{"x":2.2781765460968019,"y":2.76046085357666,"z":8.144904136657715},"rotation":{"x":-0.1909857839345932,"y":0.5207438468933106,"z":-0.12091091275215149,"w":-0.8233147263526917},"size":12.000471115112305,"orthographic":false}