{"cameraMode":{"drawMode":0,"name":"Shaded","section":"Shading Mode"},"sceneLighting":true,"audioPlay":false,"sceneViewState":{"showFog":true,"showMaterialUpdate":true,"showSkybox":true,"showFlares":true,"showImageEffects":true,"showParticleSystems":true},"in2DMode":false,"pivot":{"x":3.8588037490844728,"y":0.5440218448638916,"z":-6.48380708694458},"rotation":{"x":-0.12952333688735963,"y":0.3026847243309021,"z":-0.04174821078777313,"w":-0.9433960318565369},"size":6.100114822387695,"orthographic":false}