{"cameraMode":{"drawMode":0,"name":"Shaded","section":"Shading Mode"},"sceneLighting":false,"audioPlay":false,"sceneViewState":{"showFog":true,"showMaterialUpdate":true,"showSkybox":false,"showFlares":true,"showImageEffects":true,"showParticleSystems":true},"in2DMode":false,"pivot":{"x":5.804320335388184,"y":-1.9762592315673829,"z":-2.2326629161834719},"rotation":{"x":-0.09311317652463913,"y":-0.8263305425643921,"z":0.14246563613414765,"w":-0.5371825098991394},"size":14.004522323608399,"orthographic":false}