{"cameraMode":{"drawMode":0,"name":"Shaded","section":"Shading Mode"},"sceneLighting":true,"audioPlay":false,"sceneViewState":{"showFog":true,"showMaterialUpdate":true,"showSkybox":false,"showFlares":true,"showImageEffects":true,"showParticleSystems":true},"in2DMode":false,"pivot":{"x":-30.438674926757814,"y":-5.108736515045166,"z":-44.594093322753909},"rotation":{"x":0.021125100553035737,"y":-0.9676838517189026,"z":0.08768537640571594,"w":0.2358427345752716},"size":120.0311279296875,"orthographic":false}