{"cameraMode":{"drawMode":0,"name":"Shaded","section":"Shading Mode"},"sceneLighting":false,"audioPlay":false,"sceneViewState":{"showFog":true,"showMaterialUpdate":true,"showSkybox":false,"showFlares":true,"showImageEffects":true,"showParticleSystems":true},"in2DMode":false,"pivot":{"x":0.5925244092941284,"y":-0.07756797969341278,"z":0.41162973642349245},"rotation":{"x":0.05758890137076378,"y":-0.8339682221412659,"z":0.08935950696468353,"w":0.5417063236236572},"size":1.4257584810256959,"orthographic":false}