{"cameraMode":{"drawMode":0,"name":"Shaded","section":"Shading Mode"},"sceneLighting":false,"audioPlay":false,"sceneViewState":{"showFog":true,"showMaterialUpdate":true,"showSkybox":false,"showFlares":true,"showImageEffects":true,"showParticleSystems":true},"in2DMode":false,"pivot":{"x":0.653891921043396,"y":0.2883189618587494,"z":-0.06048049405217171},"rotation":{"x":0.06846030056476593,"y":-0.9164208769798279,"z":0.1797175407409668,"w":0.35133832693099978},"size":1.1576430797576905,"orthographic":false}