{"cameraMode":{"drawMode":0,"name":"Shaded","section":"Shading Mode"},"sceneLighting":true,"audioPlay":false,"sceneViewState":{"showFog":true,"showMaterialUpdate":true,"showSkybox":true,"showFlares":true,"showImageEffects":true,"showParticleSystems":true},"in2DMode":false,"pivot":{"x":8.67508316040039,"y":6.245092868804932,"z":-1.2613033056259156},"rotation":{"x":0.07908295840024948,"y":-0.9041328430175781,"z":0.19129808247089387,"w":0.37385472655296328},"size":9.19571304321289,"orthographic":false}