{"cameraMode":{"drawMode":0,"name":"Shaded","section":"Shading Mode"},"sceneLighting":true,"audioPlay":false,"sceneViewState":{"showFog":true,"showMaterialUpdate":true,"showSkybox":true,"showFlares":true,"showImageEffects":true,"showParticleSystems":true},"in2DMode":false,"pivot":{"x":-16.003929138183595,"y":7.642876625061035,"z":8.443587303161621},"rotation":{"x":0.06471983343362808,"y":0.7924394607543945,"z":-0.08248461782932282,"w":0.6013256311416626},"size":18.46198844909668,"orthographic":false}