{"cameraMode":{"drawMode":0,"name":"Shaded","section":"Shading Mode"},"sceneLighting":true,"audioPlay":false,"sceneViewState":{"showFog":true,"showMaterialUpdate":true,"showSkybox":true,"showFlares":true,"showImageEffects":true,"showParticleSystems":true},"in2DMode":false,"pivot":{"x":4.8743181228637699,"y":3.2057323455810549,"z":-0.49397236108779909},"rotation":{"x":0.09703763574361801,"y":0.8779240846633911,"z":-0.20090897381305695,"w":0.42374059557914736},"size":2.5001137256622316,"orthographic":false}