{"cameraMode":{"drawMode":0,"name":"Shaded","section":"Shading Mode"},"sceneLighting":false,"audioPlay":false,"sceneViewState":{"showFog":true,"showMaterialUpdate":true,"showSkybox":false,"showFlares":true,"showImageEffects":true,"showParticleSystems":true},"in2DMode":false,"pivot":{"x":0.0006820617127232254,"y":0.4485781490802765,"z":-3.0291688442230226},"rotation":{"x":-0.09231521934270859,"y":-0.8865317106246948,"z":0.2015061229467392,"w":-0.40614473819732668},"size":2.20011305809021,"orthographic":false}