{"cameraMode":{"drawMode":0,"name":"Shaded","section":"Shading Mode"},"sceneLighting":true,"audioPlay":false,"sceneViewState":{"showFog":true,"showMaterialUpdate":true,"showSkybox":true,"showFlares":true,"showImageEffects":true,"showParticleSystems":true},"in2DMode":false,"pivot":{"x":14.556985855102539,"y":0.25,"z":-9.607600212097168},"rotation":{"x":-0.013382088392972947,"y":-0.8945279121398926,"z":-0.026847291737794877,"w":0.44607433676719668},"size":1.4449210166931153,"orthographic":false}