{"cameraMode":{"drawMode":0,"name":"Shaded","section":"Shading Mode"},"sceneLighting":true,"audioPlay":false,"sceneViewState":{"showFog":true,"showMaterialUpdate":true,"showSkybox":true,"showFlares":true,"showImageEffects":true,"showParticleSystems":true},"in2DMode":false,"pivot":{"x":-78.02510070800781,"y":12.969429969787598,"z":-35.68937683105469},"rotation":{"x":0.08950870484113693,"y":0.34087705612182619,"z":-0.03258734568953514,"w":0.935289204120636},"size":27.315521240234376,"orthographic":false}