{"cameraMode":{"drawMode":0,"name":"Shaded","section":"Shading Mode"},"sceneLighting":false,"audioPlay":false,"sceneViewState":{"showFog":true,"showMaterialUpdate":true,"showSkybox":false,"showFlares":true,"showImageEffects":true,"showParticleSystems":true},"in2DMode":false,"pivot":{"x":-0.8250492215156555,"y":0.029183143749833108,"z":-2.7709293365478517},"rotation":{"x":0.14394471049308778,"y":-0.46062517166137698,"z":0.0759999230504036,"w":0.87257319688797},"size":3.5289511680603029,"orthographic":false}