{"cameraMode":{"drawMode":0,"name":"Shaded","section":"Shading Mode"},"sceneLighting":false,"audioPlay":false,"sceneViewState":{"showFog":true,"showMaterialUpdate":true,"showSkybox":false,"showFlares":true,"showImageEffects":true,"showParticleSystems":true},"in2DMode":false,"pivot":{"x":-0.0682363510131836,"y":3.8489866256713869,"z":0.22086501121520997},"rotation":{"x":0.05612717568874359,"y":0.8724054098129273,"z":-0.10236933082342148,"w":0.474938303232193},"size":19.502355575561525,"orthographic":false}