{"cameraMode":{"drawMode":0,"name":"Shaded","section":"Shading Mode"},"sceneLighting":true,"audioPlay":false,"sceneViewState":{"showFog":true,"showMaterialUpdate":true,"showSkybox":true,"showFlares":true,"showImageEffects":true,"showParticleSystems":true},"in2DMode":false,"pivot":{"x":-45.461204528808597,"y":7.213129997253418,"z":-47.20455551147461},"rotation":{"x":0.06977305561304093,"y":-0.36610978841781618,"z":0.02818142995238304,"w":0.9276555180549622},"size":2.8578836917877199,"orthographic":false}