{"cameraMode":{"drawMode":0,"name":"Shaded","section":"Shading Mode"},"sceneLighting":true,"audioPlay":false,"sceneViewState":{"showFog":true,"showMaterialUpdate":true,"showSkybox":true,"showFlares":true,"showImageEffects":true,"showParticleSystems":true},"in2DMode":false,"pivot":{"x":-3.2977068424224855,"y":-3.2272989749908449,"z":0.3676079213619232},"rotation":{"x":-0.3182883560657501,"y":0.4976228177547455,"z":-0.2028171271085739,"w":-0.7809908986091614},"size":11.559599876403809,"orthographic":false}