{"cameraMode":{"drawMode":0,"name":"Shaded","section":"Shading Mode"},"sceneLighting":true,"audioPlay":false,"sceneViewState":{"showFog":true,"showMaterialUpdate":true,"showSkybox":true,"showFlares":true,"showImageEffects":true,"showParticleSystems":true},"in2DMode":false,"pivot":{"x":1.5692516565322877,"y":6.704888820648193,"z":-8.052480697631836},"rotation":{"x":0.027919769287109376,"y":-0.9698874950408936,"z":0.13622666895389558,"w":0.20037995278835298},"size":3.1001129150390627,"orthographic":false}