{"cameraMode":{"drawMode":0,"name":"Shaded","section":"Shading Mode"},"sceneLighting":false,"audioPlay":false,"sceneViewState":{"showFog":false,"showMaterialUpdate":false,"showSkybox":false,"showFlares":false,"showImageEffects":false,"showParticleSystems":false},"in2DMode":false,"pivot":{"x":0.19775067269802094,"y":0.19169580936431886,"z":0.29182565212249758},"rotation":{"x":-0.14988626539707185,"y":-0.12054748088121414,"z":0.017813891172409059,"w":-0.9813157916069031},"size":1.0076652765274048,"orthographic":false}