{"cameraMode":{"drawMode":0,"name":"Shaded","section":"Shading Mode"},"sceneLighting":false,"audioPlay":false,"sceneViewState":{"showFog":true,"showMaterialUpdate":true,"showSkybox":false,"showFlares":true,"showImageEffects":true,"showParticleSystems":true},"in2DMode":false,"pivot":{"x":0.0,"y":0.4490000009536743,"z":-3.0299999713897707},"rotation":{"x":-0.07971397042274475,"y":0.6799504160881043,"z":-0.07475363463163376,"w":-0.7250696420669556},"size":1.1507312059402466,"orthographic":false}