{"cameraMode":{"drawMode":0,"name":"Shaded","section":"Shading Mode"},"sceneLighting":true,"audioPlay":false,"sceneViewState":{"showFog":true,"showMaterialUpdate":true,"showSkybox":true,"showFlares":true,"showImageEffects":true,"showParticleSystems":true},"in2DMode":false,"pivot":{"x":-5.934594631195068,"y":7.397598743438721,"z":-27.52230453491211},"rotation":{"x":-0.05123034492135048,"y":0.04796191677451134,"z":-0.0024705445393919946,"w":-0.9975802898406982},"size":2.2680439949035646,"orthographic":false}