{"cameraMode":{"drawMode":0,"name":"Shaded","section":"Shading Mode"},"sceneLighting":true,"audioPlay":false,"sceneViewState":{"showFog":true,"showMaterialUpdate":true,"showSkybox":true,"showFlares":true,"showImageEffects":true,"showParticleSystems":true},"in2DMode":false,"pivot":{"x":-81.18309020996094,"y":1.2170830965042115,"z":-2.9698598384857179},"rotation":{"x":0.2925487160682678,"y":0.12388326227664948,"z":-0.03789525851607323,"w":0.9476108551025391},"size":7.405054569244385,"orthographic":false}