{"cameraMode":{"drawMode":0,"name":"Shaded","section":"Shading Mode"},"sceneLighting":false,"audioPlay":false,"sceneViewState":{"showFog":true,"showMaterialUpdate":true,"showSkybox":false,"showFlares":true,"showImageEffects":true,"showParticleSystems":true},"in2DMode":false,"pivot":{"x":0.008296400308609009,"y":0.1799260377883911,"z":-0.0765085220336914},"rotation":{"x":0.1900137960910797,"y":0.1540871411561966,"z":-0.029700785875320436,"w":0.9693148136138916},"size":1.3520727157592774,"orthographic":false}