{"cameraMode":{"drawMode":0,"name":"Shaded","section":"Shading Mode"},"sceneLighting":true,"audioPlay":false,"sceneViewState":{"showFog":true,"showMaterialUpdate":true,"showSkybox":true,"showFlares":true,"showImageEffects":true,"showParticleSystems":true},"in2DMode":false,"pivot":{"x":4.69136381149292,"y":2.9267938137054445,"z":-6.93869161605835},"rotation":{"x":0.1440454125404358,"y":0.7118659019470215,"z":-0.15273109078407288,"w":0.6703214645385742},"size":7.631765365600586,"orthographic":false}