{"cameraMode":{"drawMode":0,"name":"Shaded","section":"Shading Mode"},"sceneLighting":true,"audioPlay":false,"sceneViewState":{"showFog":true,"showMaterialUpdate":true,"showSkybox":true,"showFlares":true,"showImageEffects":true,"showParticleSystems":true},"in2DMode":false,"pivot":{"x":-2.919904947280884,"y":14.987512588500977,"z":-20.14967155456543},"rotation":{"x":0.17062577605247498,"y":-0.1067446768283844,"z":0.01881122775375843,"w":0.9794486165046692},"size":18.893815994262697,"orthographic":false}