{"cameraMode":{"drawMode":0,"name":"Shaded","section":"Shading Mode"},"sceneLighting":true,"audioPlay":false,"sceneViewState":{"showFog":true,"showMaterialUpdate":true,"showSkybox":true,"showFlares":true,"showImageEffects":true,"showParticleSystems":true},"in2DMode":false,"pivot":{"x":-77.35163879394531,"y":57.3077278137207,"z":172.58352661132813},"rotation":{"x":0.24700942635536195,"y":0.29015353322029116,"z":-0.07770908623933792,"w":0.9214013814926148},"size":6.3057427406311039,"orthographic":false}