{"cameraMode":{"drawMode":0,"name":"Shaded","section":"Shading Mode"},"sceneLighting":false,"audioPlay":false,"sceneViewState":{"showFog":true,"showMaterialUpdate":true,"showSkybox":false,"showFlares":true,"showImageEffects":true,"showParticleSystems":true},"in2DMode":false,"pivot":{"x":-1.7656800746917725,"y":0.9534778594970703,"z":0.659377932548523},"rotation":{"x":0.07932127267122269,"y":0.6424775719642639,"z":-0.06622069329023361,"w":0.7595030665397644},"size":2.0929906368255617,"orthographic":false}