{"cameraMode":{"drawMode":0,"name":"Shaded","section":"Shading Mode"},"sceneLighting":true,"audioPlay":false,"sceneViewState":{"showFog":true,"showMaterialUpdate":true,"showSkybox":true,"showFlares":true,"showImageEffects":true,"showParticleSystems":true},"in2DMode":false,"pivot":{"x":2.889979124069214,"y":0.18316316604614259,"z":-2.957124710083008},"rotation":{"x":-0.046707186847925189,"y":0.9388206601142883,"z":-0.14196667075157166,"w":-0.3106343150138855},"size":2.8144710063934328,"orthographic":false}