{"cameraMode":{"drawMode":0,"name":"Shaded","section":"Shading Mode"},"sceneLighting":false,"audioPlay":false,"sceneViewState":{"showFog":true,"showMaterialUpdate":true,"showSkybox":false,"showFlares":true,"showImageEffects":true,"showParticleSystems":true},"in2DMode":false,"pivot":{"x":0.3096809387207031,"y":1.0379592180252076,"z":-0.0000021457672119140627},"rotation":{"x":-0.010501418262720108,"y":-0.07623480260372162,"z":0.00036026924499310553,"w":-0.9972135424613953},"size":12.125733375549317,"orthographic":false}