{"cameraMode":{"drawMode":0,"name":"Shaded","section":"Shading Mode"},"sceneLighting":false,"audioPlay":false,"sceneViewState":{"showFog":true,"showMaterialUpdate":true,"showSkybox":false,"showFlares":true,"showImageEffects":true,"showParticleSystems":true},"in2DMode":false,"pivot":{"x":-0.00015210171113722026,"y":0.26067253947257998,"z":0.00008066912414506078},"rotation":{"x":0.0833687111735344,"y":-0.7998982071876526,"z":0.1149917021393776,"w":0.5833067297935486},"size":1.1336736679077149,"orthographic":false}