{"cameraMode":{"drawMode":0,"name":"Shaded","section":"Shading Mode"},"sceneLighting":false,"audioPlay":false,"sceneViewState":{"showFog":true,"showMaterialUpdate":true,"showSkybox":false,"showFlares":true,"showImageEffects":true,"showParticleSystems":true},"in2DMode":false,"pivot":{"x":-0.05529789626598358,"y":0.21024687588214875,"z":0.4017181694507599},"rotation":{"x":-0.13961611688137055,"y":0.11078855395317078,"z":-0.016165656968951227,"w":-0.9839881062507629},"size":1.1576430797576905,"orthographic":false}