{"cameraMode":{"drawMode":0,"name":"Shaded","section":"Shading Mode"},"sceneLighting":true,"audioPlay":false,"sceneViewState":{"showFog":true,"showMaterialUpdate":true,"showSkybox":true,"showFlares":true,"showImageEffects":true,"showParticleSystems":true},"in2DMode":false,"pivot":{"x":7.065744876861572,"y":4.916968822479248,"z":-35.91136169433594},"rotation":{"x":0.05399186536669731,"y":0.013699368573725224,"z":0.0003510073584038764,"w":0.9986794590950012},"size":7.645944595336914,"orthographic":false}