{"cameraMode":{"drawMode":0,"name":"Shaded","section":"Shading Mode"},"sceneLighting":true,"audioPlay":false,"sceneViewState":{"showFog":true,"showMaterialUpdate":true,"showSkybox":true,"showFlares":true,"showImageEffects":true,"showParticleSystems":true},"in2DMode":false,"pivot":{"x":0.034482717514038089,"y":2.2553892135620119,"z":-2.9029181003570558},"rotation":{"x":0.19741955399513246,"y":0.5861788392066956,"z":-0.14993496239185334,"w":0.7713994979858398},"size":2.62895131111145,"orthographic":false}