{"cameraMode":{"drawMode":0,"name":"Shaded","section":"Shading Mode"},"sceneLighting":true,"audioPlay":false,"sceneViewState":{"showFog":true,"showMaterialUpdate":true,"showSkybox":true,"showFlares":true,"showImageEffects":true,"showParticleSystems":true},"in2DMode":false,"pivot":{"x":14.229804039001465,"y":99.5263442993164,"z":30.012855529785158},"rotation":{"x":-0.043880395591259,"y":0.9557384848594666,"z":-0.2190563827753067,"w":-0.191449373960495},"size":0.4001171290874481,"orthographic":false}