{"cameraMode":{"drawMode":0,"name":"Shaded","section":"Shading Mode"},"sceneLighting":true,"audioPlay":false,"sceneViewState":{"showFog":true,"showMaterialUpdate":true,"showSkybox":true,"showFlares":true,"showImageEffects":true,"showParticleSystems":true},"in2DMode":false,"pivot":{"x":284.2698974609375,"y":-165.2330322265625,"z":289.4939880371094},"rotation":{"x":-0.19789455831050874,"y":-0.36037328839302065,"z":0.0784456729888916,"w":-0.9082870483398438},"size":471.353759765625,"orthographic":false}