{"cameraMode":{"drawMode":0,"name":"Shaded","section":"Shading Mode"},"sceneLighting":true,"audioPlay":false,"sceneViewState":{"showFog":true,"showMaterialUpdate":true,"showSkybox":true,"showFlares":true,"showImageEffects":true,"showParticleSystems":true},"in2DMode":false,"pivot":{"x":-120.49612426757813,"y":27.179481506347658,"z":-60.810909271240237},"rotation":{"x":-0.1098429411649704,"y":-0.14792600274085999,"z":0.01653389446437359,"w":-0.9827423095703125},"size":10.0,"orthographic":false}