{"cameraMode":{"drawMode":0,"name":"Shaded","section":"Shading Mode"},"sceneLighting":true,"audioPlay":false,"sceneViewState":{"showFog":true,"showMaterialUpdate":true,"showSkybox":true,"showFlares":true,"showImageEffects":true,"showParticleSystems":true},"in2DMode":false,"pivot":{"x":-1.07748544216156,"y":-0.2665488123893738,"z":-4.488490104675293},"rotation":{"x":-0.06593117862939835,"y":0.025740714743733407,"z":-0.0018090292578563095,"w":-0.9975717067718506},"size":4.621773719787598,"orthographic":false}