{"cameraMode":{"drawMode":0,"name":"Shaded","section":"Shading Mode"},"sceneLighting":true,"audioPlay":false,"sceneViewState":{"showFog":true,"showMaterialUpdate":true,"showSkybox":true,"showFlares":true,"showImageEffects":true,"showParticleSystems":true},"in2DMode":false,"pivot":{"x":-16.730085372924806,"y":5.392092227935791,"z":-9.611892700195313},"rotation":{"x":-0.0750562772154808,"y":0.5462551712989807,"z":-0.04945511370897293,"w":-0.8328843116760254},"size":0.7001120448112488,"orthographic":false}