{"cameraMode":{"drawMode":0,"name":"Shaded","section":"Shading Mode"},"sceneLighting":true,"audioPlay":false,"sceneViewState":{"showFog":true,"showMaterialUpdate":true,"showSkybox":true,"showFlares":true,"showImageEffects":true,"showParticleSystems":true},"in2DMode":false,"pivot":{"x":-0.24669452011585236,"y":1.680298924446106,"z":-5.630585670471191},"rotation":{"x":0.22847169637680055,"y":0.12694165110588075,"z":-0.029939688742160798,"w":0.964846670627594},"size":0.7144709229469299,"orthographic":false}