{"cameraMode":{"drawMode":0,"name":"Shaded","section":"Shading Mode"},"sceneLighting":true,"audioPlay":false,"sceneViewState":{"showFog":true,"showMaterialUpdate":true,"showSkybox":true,"showFlares":true,"showImageEffects":true,"showParticleSystems":true},"in2DMode":false,"pivot":{"x":118.88670349121094,"y":38.4344482421875,"z":84.38410949707031},"rotation":{"x":0.022240465506911279,"y":0.8928480744361877,"z":-0.0435359962284565,"w":0.4479654133319855},"size":22.0,"orthographic":false}