{"cameraMode":{"drawMode":0,"name":"Shaded","section":"Shading Mode"},"sceneLighting":false,"audioPlay":false,"sceneViewState":{"showFog":true,"showMaterialUpdate":true,"showSkybox":false,"showFlares":true,"showImageEffects":true,"showParticleSystems":true},"in2DMode":false,"pivot":{"x":-1.6674002408981324,"y":-0.542784571647644,"z":-0.3685862123966217},"rotation":{"x":0.09255699068307877,"y":-0.8069923520088196,"z":0.13211411237716676,"w":0.5683345794677734},"size":3.78899884223938,"orthographic":false}