{"cameraMode":{"drawMode":0,"name":"Shaded","section":"Shading Mode"},"sceneLighting":false,"audioPlay":false,"sceneViewState":{"showFog":true,"showMaterialUpdate":true,"showSkybox":false,"showFlares":true,"showImageEffects":true,"showParticleSystems":true},"in2DMode":false,"pivot":{"x":0.029367879033088685,"y":0.006091058254241943,"z":0.0},"rotation":{"x":0.1627187877893448,"y":-0.33298182487487795,"z":0.05918262153863907,"w":0.9270603656768799},"size":3.1849265098571779,"orthographic":false}