{"cameraMode":{"drawMode":0,"name":"Shaded","section":"Shading Mode"},"sceneLighting":true,"audioPlay":false,"sceneViewState":{"showFog":true,"showMaterialUpdate":false,"showSkybox":true,"showFlares":true,"showImageEffects":true,"showParticleSystems":true},"in2DMode":false,"pivot":{"x":0.5723127722740173,"y":1.5768194198608399,"z":-6.787014484405518},"rotation":{"x":-0.2012104094028473,"y":-0.04494597017765045,"z":0.009242613799870015,"w":-0.9784741401672363},"size":3.400113344192505,"orthographic":false}