{"cameraMode":{"drawMode":0,"name":"Shaded","section":"Shading Mode"},"sceneLighting":true,"audioPlay":false,"sceneViewState":{"showFog":true,"showMaterialUpdate":false,"showSkybox":true,"showFlares":true,"showImageEffects":true,"showParticleSystems":true},"in2DMode":false,"pivot":{"x":1.6549999713897706,"y":6.679999828338623,"z":-8.064000129699707},"rotation":{"x":0.18406875431537629,"y":0.7234372496604919,"z":-0.21101482212543488,"w":0.6310570240020752},"size":5.833125114440918,"orthographic":false}